"filename","notes","authors","licenses","urls"
"body/bodies/male/spellcast.png","see details at https://opengameart.org/content/lpc-character-bases; 'Thick' Male Revised Run/Climb by JaidynReiman (based on ElizaWy's LPC Revised) ","bluecarrot16,JaidynReiman,Benjamin K. Smith (BenCreating),Evert,Eliza Wyatt (ElizaWy),TheraHedwig,MuffinElZangano,Durrani,Johannes Sjölund (wulax),Stephen Challener (Redshrike) ","OGA-BY 3.0,CC-BY-SA 3.0,GPL 3.0 ","https://opengameart.org/content/liberated-pixel-cup-lpc-base-assets-sprites-map-tiles,https://opengameart.org/content/lpc-medieval-fantasy-character-sprites,https://opengameart.org/content/lpc-male-jumping-animation-by-durrani,https://opengameart.org/content/lpc-runcycle-and-diagonal-walkcycle,https://opengameart.org/content/lpc-revised-character-basics,https://opengameart.org/content/lpc-be-seated,https://opengameart.org/content/lpc-runcycle-for-male-muscular-and-pregnant-character-bases-with-modular-heads,https://opengameart.org/content/lpc-jump-expanded,https://opengameart.org/content/lpc-character-bases "
"body/bodies/female/spellcast.png","see details at https://opengameart.org/content/lpc-character-bases ","Benjamin K. Smith (BenCreating),bluecarrot16,TheraHedwig,Evert,MuffinElZangano,Durrani,Pierre Vigier (pvigier),ElizaWy,Matthew Krohn (makrohn),Johannes Sjölund (wulax),Stephen Challener (Redshrike) ","OGA-BY 3.0,CC-BY-SA 3.0,GPL 3.0 ","https://opengameart.org/content/liberated-pixel-cup-lpc-base-assets-sprites-map-tiles,https://opengameart.org/content/lpc-medieval-fantasy-character-sprites,https://opengameart.org/content/lpc-ladies,https://opengameart.org/content/lpc-7-womens-shirts,https://opengameart.org/content/lpc-jump-expanded,https://opengameart.org/content/lpc-be-seated,https://opengameart.org/content/lpc-revised-character-basics,https://gitlab.com/vagabondgame/lpc-characters,https://opengameart.org/content/lpc-male-jumping-animation-by-durrani,https://opengameart.org/content/lpc-runcycle-and-diagonal-walkcycle "
"body/bodies/male/walk.png","see details at https://opengameart.org/content/lpc-character-bases; 'Thick' Male Revised Run/Climb by JaidynReiman (based on ElizaWy's LPC Revised) ","bluecarrot16,JaidynReiman,Benjamin K. Smith (BenCreating),Evert,Eliza Wyatt (ElizaWy),TheraHedwig,MuffinElZangano,Durrani,Johannes Sjölund (wulax),Stephen Challener (Redshrike) ","OGA-BY 3.0,CC-BY-SA 3.0,GPL 3.0 ","https://opengameart.org/content/liberated-pixel-cup-lpc-base-assets-sprites-map-tiles,https://opengameart.org/content/lpc-medieval-fantasy-character-sprites,https://opengameart.org/content/lpc-male-jumping-animation-by-durrani,https://opengameart.org/content/lpc-runcycle-and-diagonal-walkcycle,https://opengameart.org/content/lpc-revised-character-basics,https://opengameart.org/content/lpc-be-seated,https://opengameart.org/content/lpc-runcycle-for-male-muscular-and-pregnant-character-bases-with-modular-heads,https://opengameart.org/content/lpc-jump-expanded,https://opengameart.org/content/lpc-character-bases "
"body/bodies/female/walk.png","see details at https://opengameart.org/content/lpc-character-bases ","Benjamin K. Smith (BenCreating),bluecarrot16,TheraHedwig,Evert,MuffinElZangano,Durrani,Pierre Vigier (pvigier),ElizaWy,Matthew Krohn (makrohn),Johannes Sjölund (wulax),Stephen Challener (Redshrike) ","OGA-BY 3.0,CC-BY-SA 3.0,GPL 3.0 ","https://opengameart.org/content/liberated-pixel-cup-lpc-base-assets-sprites-map-tiles,https://opengameart.org/content/lpc-medieval-fantasy-character-sprites,https://opengameart.org/content/lpc-ladies,https://opengameart.org/content/lpc-7-womens-shirts,https://opengameart.org/content/lpc-jump-expanded,https://opengameart.org/content/lpc-be-seated,https://opengameart.org/content/lpc-revised-character-basics,https://gitlab.com/vagabondgame/lpc-characters,https://opengameart.org/content/lpc-male-jumping-animation-by-durrani,https://opengameart.org/content/lpc-runcycle-and-diagonal-walkcycle "
"body/bodies/male/shoot.png","see details at https://opengameart.org/content/lpc-character-bases; 'Thick' Male Revised Run/Climb by JaidynReiman (based on ElizaWy's LPC Revised) ","bluecarrot16,JaidynReiman,Benjamin K. Smith (BenCreating),Evert,Eliza Wyatt (ElizaWy),TheraHedwig,MuffinElZangano,Durrani,Johannes Sjölund (wulax),Stephen Challener (Redshrike) ","OGA-BY 3.0,CC-BY-SA 3.0,GPL 3.0 ","https://opengameart.org/content/liberated-pixel-cup-lpc-base-assets-sprites-map-tiles,https://opengameart.org/content/lpc-medieval-fantasy-character-sprites,https://opengameart.org/content/lpc-male-jumping-animation-by-durrani,https://opengameart.org/content/lpc-runcycle-and-diagonal-walkcycle,https://opengameart.org/content/lpc-revised-character-basics,https://opengameart.org/content/lpc-be-seated,https://opengameart.org/content/lpc-runcycle-for-male-muscular-and-pregnant-character-bases-with-modular-heads,https://opengameart.org/content/lpc-jump-expanded,https://opengameart.org/content/lpc-character-bases "
"body/bodies/female/shoot.png","see details at https://opengameart.org/content/lpc-character-bases ","Benjamin K. Smith (BenCreating),bluecarrot16,TheraHedwig,Evert,MuffinElZangano,Durrani,Pierre Vigier (pvigier),ElizaWy,Matthew Krohn (makrohn),Johannes Sjölund (wulax),Stephen Challener (Redshrike) ","OGA-BY 3.0,CC-BY-SA 3.0,GPL 3.0 ","https://opengameart.org/content/liberated-pixel-cup-lpc-base-assets-sprites-map-tiles,https://opengameart.org/content/lpc-medieval-fantasy-character-sprites,https://opengameart.org/content/lpc-ladies,https://opengameart.org/content/lpc-7-womens-shirts,https://opengameart.org/content/lpc-jump-expanded,https://opengameart.org/content/lpc-be-seated,https://opengameart.org/content/lpc-revised-character-basics,https://gitlab.com/vagabondgame/lpc-characters,https://opengameart.org/content/lpc-male-jumping-animation-by-durrani,https://opengameart.org/content/lpc-runcycle-and-diagonal-walkcycle "
"body/bodies/male/hurt.png","see details at https://opengameart.org/content/lpc-character-bases; 'Thick' Male Revised Run/Climb by JaidynReiman (based on ElizaWy's LPC Revised) ","bluecarrot16,JaidynReiman,Benjamin K. Smith (BenCreating),Evert,Eliza Wyatt (ElizaWy),TheraHedwig,MuffinElZangano,Durrani,Johannes Sjölund (wulax),Stephen Challener (Redshrike) ","OGA-BY 3.0,CC-BY-SA 3.0,GPL 3.0 ","https://opengameart.org/content/liberated-pixel-cup-lpc-base-assets-sprites-map-tiles,https://opengameart.org/content/lpc-medieval-fantasy-character-sprites,https://opengameart.org/content/lpc-male-jumping-animation-by-durrani,https://opengameart.org/content/lpc-runcycle-and-diagonal-walkcycle,https://opengameart.org/content/lpc-revised-character-basics,https://opengameart.org/content/lpc-be-seated,https://opengameart.org/content/lpc-runcycle-for-male-muscular-and-pregnant-character-bases-with-modular-heads,https://opengameart.org/content/lpc-jump-expanded,https://opengameart.org/content/lpc-character-bases "
"body/bodies/female/hurt.png","see details at https://opengameart.org/content/lpc-character-bases ","Benjamin K. Smith (BenCreating),bluecarrot16,TheraHedwig,Evert,MuffinElZangano,Durrani,Pierre Vigier (pvigier),ElizaWy,Matthew Krohn (makrohn),Johannes Sjölund (wulax),Stephen Challener (Redshrike) ","OGA-BY 3.0,CC-BY-SA 3.0,GPL 3.0 ","https://opengameart.org/content/liberated-pixel-cup-lpc-base-assets-sprites-map-tiles,https://opengameart.org/content/lpc-medieval-fantasy-character-sprites,https://opengameart.org/content/lpc-ladies,https://opengameart.org/content/lpc-7-womens-shirts,https://opengameart.org/content/lpc-jump-expanded,https://opengameart.org/content/lpc-be-seated,https://opengameart.org/content/lpc-revised-character-basics,https://gitlab.com/vagabondgame/lpc-characters,https://opengameart.org/content/lpc-male-jumping-animation-by-durrani,https://opengameart.org/content/lpc-runcycle-and-diagonal-walkcycle "
"body/bodies/male/idle.png","see details at https://opengameart.org/content/lpc-character-bases; 'Thick' Male Revised Run/Climb by JaidynReiman (based on ElizaWy's LPC Revised) ","bluecarrot16,JaidynReiman,Benjamin K. Smith (BenCreating),Evert,Eliza Wyatt (ElizaWy),TheraHedwig,MuffinElZangano,Durrani,Johannes Sjölund (wulax),Stephen Challener (Redshrike) ","OGA-BY 3.0,CC-BY-SA 3.0,GPL 3.0 ","https://opengameart.org/content/liberated-pixel-cup-lpc-base-assets-sprites-map-tiles,https://opengameart.org/content/lpc-medieval-fantasy-character-sprites,https://opengameart.org/content/lpc-male-jumping-animation-by-durrani,https://opengameart.org/content/lpc-runcycle-and-diagonal-walkcycle,https://opengameart.org/content/lpc-revised-character-basics,https://opengameart.org/content/lpc-be-seated,https://opengameart.org/content/lpc-runcycle-for-male-muscular-and-pregnant-character-bases-with-modular-heads,https://opengameart.org/content/lpc-jump-expanded,https://opengameart.org/content/lpc-character-bases "
"body/bodies/female/idle.png","see details at https://opengameart.org/content/lpc-character-bases ","Benjamin K. Smith (BenCreating),bluecarrot16,TheraHedwig,Evert,MuffinElZangano,Durrani,Pierre Vigier (pvigier),ElizaWy,Matthew Krohn (makrohn),Johannes Sjölund (wulax),Stephen Challener (Redshrike) ","OGA-BY 3.0,CC-BY-SA 3.0,GPL 3.0 ","https://opengameart.org/content/liberated-pixel-cup-lpc-base-assets-sprites-map-tiles,https://opengameart.org/content/lpc-medieval-fantasy-character-sprites,https://opengameart.org/content/lpc-ladies,https://opengameart.org/content/lpc-7-womens-shirts,https://opengameart.org/content/lpc-jump-expanded,https://opengameart.org/content/lpc-be-seated,https://opengameart.org/content/lpc-revised-character-basics,https://gitlab.com/vagabondgame/lpc-characters,https://opengameart.org/content/lpc-male-jumping-animation-by-durrani,https://opengameart.org/content/lpc-runcycle-and-diagonal-walkcycle "
"body/bodies/male/run.png","see details at https://opengameart.org/content/lpc-character-bases; 'Thick' Male Revised Run/Climb by JaidynReiman (based on ElizaWy's LPC Revised) ","bluecarrot16,JaidynReiman,Benjamin K. Smith (BenCreating),Evert,Eliza Wyatt (ElizaWy),TheraHedwig,MuffinElZangano,Durrani,Johannes Sjölund (wulax),Stephen Challener (Redshrike) ","OGA-BY 3.0,CC-BY-SA 3.0,GPL 3.0 ","https://opengameart.org/content/liberated-pixel-cup-lpc-base-assets-sprites-map-tiles,https://opengameart.org/content/lpc-medieval-fantasy-character-sprites,https://opengameart.org/content/lpc-male-jumping-animation-by-durrani,https://opengameart.org/content/lpc-runcycle-and-diagonal-walkcycle,https://opengameart.org/content/lpc-revised-character-basics,https://opengameart.org/content/lpc-be-seated,https://opengameart.org/content/lpc-runcycle-for-male-muscular-and-pregnant-character-bases-with-modular-heads,https://opengameart.org/content/lpc-jump-expanded,https://opengameart.org/content/lpc-character-bases "
"body/bodies/female/run.png","see details at https://opengameart.org/content/lpc-character-bases ","Benjamin K. Smith (BenCreating),bluecarrot16,TheraHedwig,Evert,MuffinElZangano,Durrani,Pierre Vigier (pvigier),ElizaWy,Matthew Krohn (makrohn),Johannes Sjölund (wulax),Stephen Challener (Redshrike) ","OGA-BY 3.0,CC-BY-SA 3.0,GPL 3.0 ","https://opengameart.org/content/liberated-pixel-cup-lpc-base-assets-sprites-map-tiles,https://opengameart.org/content/lpc-medieval-fantasy-character-sprites,https://opengameart.org/content/lpc-ladies,https://opengameart.org/content/lpc-7-womens-shirts,https://opengameart.org/content/lpc-jump-expanded,https://opengameart.org/content/lpc-be-seated,https://opengameart.org/content/lpc-revised-character-basics,https://gitlab.com/vagabondgame/lpc-characters,https://opengameart.org/content/lpc-male-jumping-animation-by-durrani,https://opengameart.org/content/lpc-runcycle-and-diagonal-walkcycle "
"head/heads/human/female_small/spellcast.png","original head by Redshrike, reduced size head by ElizaWy ","ElizaWy,Stephen Challener (Redshrike) ","OGA-BY 3.0,CC-BY "," "
"head/heads/human/female_small/walk.png","original head by Redshrike, reduced size head by ElizaWy ","ElizaWy,Stephen Challener (Redshrike) ","OGA-BY 3.0,CC-BY "," "
"head/heads/human/female_small/shoot.png","original head by Redshrike, reduced size head by ElizaWy ","ElizaWy,Stephen Challener (Redshrike) ","OGA-BY 3.0,CC-BY "," "
"head/heads/human/female_small/hurt.png","original head by Redshrike, reduced size head by ElizaWy ","ElizaWy,Stephen Challener (Redshrike) ","OGA-BY 3.0,CC-BY "," "
"head/heads/human/female_small/idle.png","original head by Redshrike, reduced size head by ElizaWy ","ElizaWy,Stephen Challener (Redshrike) ","OGA-BY 3.0,CC-BY "," "
"head/heads/human/female_small/run.png","original head by Redshrike, reduced size head by ElizaWy ","ElizaWy,Stephen Challener (Redshrike) ","OGA-BY 3.0,CC-BY "," "
"head/heads/human/female/spellcast.png","original head by Redshrike, tweaks by BenCreating, modular version by bluecarrot16 ","bluecarrot16,Benjamin K. Smith (BenCreating),Stephen Challener (Redshrike) ","OGA-BY 3.0,CC-BY-SA 3.0,GPL 3.0 ","https://opengameart.org/content/,https://opengameart.org/content/lpc-character-bases "
"head/heads/human/female/walk.png","original head by Redshrike, tweaks by BenCreating, modular version by bluecarrot16 ","bluecarrot16,Benjamin K. Smith (BenCreating),Stephen Challener (Redshrike) ","OGA-BY 3.0,CC-BY-SA 3.0,GPL 3.0 ","https://opengameart.org/content/,https://opengameart.org/content/lpc-character-bases "
"head/heads/human/female/shoot.png","original head by Redshrike, tweaks by BenCreating, modular version by bluecarrot16 ","bluecarrot16,Benjamin K. Smith (BenCreating),Stephen Challener (Redshrike) ","OGA-BY 3.0,CC-BY-SA 3.0,GPL 3.0 ","https://opengameart.org/content/,https://opengameart.org/content/lpc-character-bases "
"head/heads/human/female/hurt.png","original head by Redshrike, tweaks by BenCreating, modular version by bluecarrot16 ","bluecarrot16,Benjamin K. Smith (BenCreating),Stephen Challener (Redshrike) ","OGA-BY 3.0,CC-BY-SA 3.0,GPL 3.0 ","https://opengameart.org/content/,https://opengameart.org/content/lpc-character-bases "
"head/heads/human/female/idle.png","original head by Redshrike, tweaks by BenCreating, modular version by bluecarrot16 ","bluecarrot16,Benjamin K. Smith (BenCreating),Stephen Challener (Redshrike) ","OGA-BY 3.0,CC-BY-SA 3.0,GPL 3.0 ","https://opengameart.org/content/,https://opengameart.org/content/lpc-character-bases "
"head/heads/human/female/run.png","original head by Redshrike, tweaks by BenCreating, modular version by bluecarrot16 ","bluecarrot16,Benjamin K. Smith (BenCreating),Stephen Challener (Redshrike) ","OGA-BY 3.0,CC-BY-SA 3.0,GPL 3.0 ","https://opengameart.org/content/,https://opengameart.org/content/lpc-character-bases "
"head/heads/human/male/spellcast.png","original head by Redshrike, tweaks by BenCreating, modular version by bluecarrot16 ","bluecarrot16,Benjamin K. Smith (BenCreating),Stephen Challener (Redshrike) ","OGA-BY 3.0,CC-BY-SA 3.0,GPL 3.0 ","https://opengameart.org/content/liberated-pixel-cup-lpc-base-assets-sprites-map-tiles,https://opengameart.org/content/lpc-character-bases "
"head/heads/human/male/walk.png","original head by Redshrike, tweaks by BenCreating, modular version by bluecarrot16 ","bluecarrot16,Benjamin K. Smith (BenCreating),Stephen Challener (Redshrike) ","OGA-BY 3.0,CC-BY-SA 3.0,GPL 3.0 ","https://opengameart.org/content/liberated-pixel-cup-lpc-base-assets-sprites-map-tiles,https://opengameart.org/content/lpc-character-bases "
"head/heads/human/male/shoot.png","original head by Redshrike, tweaks by BenCreating, modular version by bluecarrot16 ","bluecarrot16,Benjamin K. Smith (BenCreating),Stephen Challener (Redshrike) ","OGA-BY 3.0,CC-BY-SA 3.0,GPL 3.0 ","https://opengameart.org/content/liberated-pixel-cup-lpc-base-assets-sprites-map-tiles,https://opengameart.org/content/lpc-character-bases "
"head/heads/human/male/hurt.png","original head by Redshrike, tweaks by BenCreating, modular version by bluecarrot16 ","bluecarrot16,Benjamin K. Smith (BenCreating),Stephen Challener (Redshrike) ","OGA-BY 3.0,CC-BY-SA 3.0,GPL 3.0 ","https://opengameart.org/content/liberated-pixel-cup-lpc-base-assets-sprites-map-tiles,https://opengameart.org/content/lpc-character-bases "
"head/heads/human/male/idle.png","original head by Redshrike, tweaks by BenCreating, modular version by bluecarrot16 ","bluecarrot16,Benjamin K. Smith (BenCreating),Stephen Challener (Redshrike) ","OGA-BY 3.0,CC-BY-SA 3.0,GPL 3.0 ","https://opengameart.org/content/liberated-pixel-cup-lpc-base-assets-sprites-map-tiles,https://opengameart.org/content/lpc-character-bases "
"head/heads/human/male/run.png","original head by Redshrike, tweaks by BenCreating, modular version by bluecarrot16 ","bluecarrot16,Benjamin K. Smith (BenCreating),Stephen Challener (Redshrike) ","OGA-BY 3.0,CC-BY-SA 3.0,GPL 3.0 ","https://opengameart.org/content/liberated-pixel-cup-lpc-base-assets-sprites-map-tiles,https://opengameart.org/content/lpc-character-bases "
"hair/curly_short/adult/spellcast.png"," ","ElizaWy ","OGA-BY 3.0 ","https://opengameart.org/content/lpc-hair,https://opengameart.org/content/lpc-expanded-sit-run-jump-more "
"hair/curly_short/adult/walk.png"," ","ElizaWy ","OGA-BY 3.0 ","https://opengameart.org/content/lpc-hair,https://opengameart.org/content/lpc-expanded-sit-run-jump-more "
"hair/curly_short/adult/shoot.png"," ","ElizaWy ","OGA-BY 3.0 ","https://opengameart.org/content/lpc-hair,https://opengameart.org/content/lpc-expanded-sit-run-jump-more "
"hair/curly_short/adult/hurt.png"," ","ElizaWy ","OGA-BY 3.0 ","https://opengameart.org/content/lpc-hair,https://opengameart.org/content/lpc-expanded-sit-run-jump-more "
"hair/curly_short/adult/idle.png"," ","ElizaWy ","OGA-BY 3.0 ","https://opengameart.org/content/lpc-hair,https://opengameart.org/content/lpc-expanded-sit-run-jump-more "
"hair/curly_short/adult/run.png"," ","ElizaWy ","OGA-BY 3.0 ","https://opengameart.org/content/lpc-hair,https://opengameart.org/content/lpc-expanded-sit-run-jump-more "
"hair/bangs/adult/spellcast.png"," ","JaidynReiman,Manuel Riecke (MrBeast) ","CC-BY-SA 3.0,GPL 3.0 ","https://opengameart.org/content/liberated-pixel-cup-lpc-base-assets-sprites-map-tiles,https://opengameart.org/content/lpc-expanded-hair "
"hair/bangs/adult/walk.png"," ","JaidynReiman,Manuel Riecke (MrBeast) ","CC-BY-SA 3.0,GPL 3.0 ","https://opengameart.org/content/liberated-pixel-cup-lpc-base-assets-sprites-map-tiles,https://opengameart.org/content/lpc-expanded-hair "
"hair/bangs/adult/shoot.png"," ","JaidynReiman,Manuel Riecke (MrBeast) ","CC-BY-SA 3.0,GPL 3.0 ","https://opengameart.org/content/liberated-pixel-cup-lpc-base-assets-sprites-map-tiles,https://opengameart.org/content/lpc-expanded-hair "
"hair/bangs/adult/hurt.png"," ","JaidynReiman,Manuel Riecke (MrBeast) ","CC-BY-SA 3.0,GPL 3.0 ","https://opengameart.org/content/liberated-pixel-cup-lpc-base-assets-sprites-map-tiles,https://opengameart.org/content/lpc-expanded-hair "
"hair/bangs/adult/idle.png"," ","JaidynReiman,Manuel Riecke (MrBeast) ","CC-BY-SA 3.0,GPL 3.0 ","https://opengameart.org/content/liberated-pixel-cup-lpc-base-assets-sprites-map-tiles,https://opengameart.org/content/lpc-expanded-hair "
"hair/bangs/adult/run.png"," ","JaidynReiman,Manuel Riecke (MrBeast) ","CC-BY-SA 3.0,GPL 3.0 ","https://opengameart.org/content/liberated-pixel-cup-lpc-base-assets-sprites-map-tiles,https://opengameart.org/content/lpc-expanded-hair "
"hair/plain/adult/spellcast.png"," ","JaidynReiman,Manuel Riecke (MrBeast),Joe White ","OGA-BY 3.0,CC-BY-SA 3.0,GPL 3.0 ","https://opengameart.org/content/liberated-pixel-cup-lpc-base-assets-sprites-map-tiles,https://opengameart.org/content/ponytail-and-plain-hairstyles,https://opengameart.org/content/lpc-expanded-hair "
"hair/plain/adult/walk.png"," ","JaidynReiman,Manuel Riecke (MrBeast),Joe White ","OGA-BY 3.0,CC-BY-SA 3.0,GPL 3.0 ","https://opengameart.org/content/liberated-pixel-cup-lpc-base-assets-sprites-map-tiles,https://opengameart.org/content/ponytail-and-plain-hairstyles,https://opengameart.org/content/lpc-expanded-hair "
"hair/plain/adult/shoot.png"," ","JaidynReiman,Manuel Riecke (MrBeast),Joe White ","OGA-BY 3.0,CC-BY-SA 3.0,GPL 3.0 ","https://opengameart.org/content/liberated-pixel-cup-lpc-base-assets-sprites-map-tiles,https://opengameart.org/content/ponytail-and-plain-hairstyles,https://opengameart.org/content/lpc-expanded-hair "
"hair/plain/adult/hurt.png"," ","JaidynReiman,Manuel Riecke (MrBeast),Joe White ","OGA-BY 3.0,CC-BY-SA 3.0,GPL 3.0 ","https://opengameart.org/content/liberated-pixel-cup-lpc-base-assets-sprites-map-tiles,https://opengameart.org/content/ponytail-and-plain-hairstyles,https://opengameart.org/content/lpc-expanded-hair "
"hair/plain/adult/idle.png"," ","JaidynReiman,Manuel Riecke (MrBeast),Joe White ","OGA-BY 3.0,CC-BY-SA 3.0,GPL 3.0 ","https://opengameart.org/content/liberated-pixel-cup-lpc-base-assets-sprites-map-tiles,https://opengameart.org/content/ponytail-and-plain-hairstyles,https://opengameart.org/content/lpc-expanded-hair "
"hair/plain/adult/run.png"," ","JaidynReiman,Manuel Riecke (MrBeast),Joe White ","OGA-BY 3.0,CC-BY-SA 3.0,GPL 3.0 ","https://opengameart.org/content/liberated-pixel-cup-lpc-base-assets-sprites-map-tiles,https://opengameart.org/content/ponytail-and-plain-hairstyles,https://opengameart.org/content/lpc-expanded-hair "
"hair/ponytail/adult/fg/spellcast.png"," ","JaidynReiman,Manuel Riecke (MrBeast) ","CC-BY-SA 3.0,GPL 3.0 ","https://opengameart.org/content/liberated-pixel-cup-lpc-base-assets-sprites-map-tiles,https://opengameart.org/content/lpc-expanded-hair "
"hair/ponytail/adult/bg/spellcast.png"," ","JaidynReiman,Manuel Riecke (MrBeast) ","CC-BY-SA 3.0,GPL 3.0 ","https://opengameart.org/content/liberated-pixel-cup-lpc-base-assets-sprites-map-tiles,https://opengameart.org/content/lpc-expanded-hair "
"hair/ponytail/adult/fg/walk.png"," ","JaidynReiman,Manuel Riecke (MrBeast) ","CC-BY-SA 3.0,GPL 3.0 ","https://opengameart.org/content/liberated-pixel-cup-lpc-base-assets-sprites-map-tiles,https://opengameart.org/content/lpc-expanded-hair "
"hair/ponytail/adult/bg/walk.png"," ","JaidynReiman,Manuel Riecke (MrBeast) ","CC-BY-SA 3.0,GPL 3.0 ","https://opengameart.org/content/liberated-pixel-cup-lpc-base-assets-sprites-map-tiles,https://opengameart.org/content/lpc-expanded-hair "
"hair/ponytail/adult/fg/shoot.png"," ","JaidynReiman,Manuel Riecke (MrBeast) ","CC-BY-SA 3.0,GPL 3.0 ","https://opengameart.org/content/liberated-pixel-cup-lpc-base-assets-sprites-map-tiles,https://opengameart.org/content/lpc-expanded-hair "
"hair/ponytail/adult/bg/shoot.png"," ","JaidynReiman,Manuel Riecke (MrBeast) ","CC-BY-SA 3.0,GPL 3.0 ","https://opengameart.org/content/liberated-pixel-cup-lpc-base-assets-sprites-map-tiles,https://opengameart.org/content/lpc-expanded-hair "
"hair/ponytail/adult/fg/hurt.png"," ","JaidynReiman,Manuel Riecke (MrBeast) ","CC-BY-SA 3.0,GPL 3.0 ","https://opengameart.org/content/liberated-pixel-cup-lpc-base-assets-sprites-map-tiles,https://opengameart.org/content/lpc-expanded-hair "
"hair/ponytail/adult/bg/hurt.png"," ","JaidynReiman,Manuel Riecke (MrBeast) ","CC-BY-SA 3.0,GPL 3.0 ","https://opengameart.org/content/liberated-pixel-cup-lpc-base-assets-sprites-map-tiles,https://opengameart.org/content/lpc-expanded-hair "
"hair/ponytail/adult/fg/idle.png"," ","JaidynReiman,Manuel Riecke (MrBeast) ","CC-BY-SA 3.0,GPL 3.0 ","https://opengameart.org/content/liberated-pixel-cup-lpc-base-assets-sprites-map-tiles,https://opengameart.org/content/lpc-expanded-hair "
"hair/ponytail/adult/bg/idle.png"," ","JaidynReiman,Manuel Riecke (MrBeast) ","CC-BY-SA 3.0,GPL 3.0 ","https://opengameart.org/content/liberated-pixel-cup-lpc-base-assets-sprites-map-tiles,https://opengameart.org/content/lpc-expanded-hair "
"hair/ponytail/adult/fg/run.png"," ","JaidynReiman,Manuel Riecke (MrBeast) ","CC-BY-SA 3.0,GPL 3.0 ","https://opengameart.org/content/liberated-pixel-cup-lpc-base-assets-sprites-map-tiles,https://opengameart.org/content/lpc-expanded-hair "
"hair/ponytail/adult/bg/run.png"," ","JaidynReiman,Manuel Riecke (MrBeast) ","CC-BY-SA 3.0,GPL 3.0 ","https://opengameart.org/content/liberated-pixel-cup-lpc-base-assets-sprites-map-tiles,https://opengameart.org/content/lpc-expanded-hair "
"hair/long/adult/spellcast.png"," ","JaidynReiman,Manuel Riecke (MrBeast) ","CC-BY-SA 3.0,GPL 3.0 ","https://opengameart.org/content/liberated-pixel-cup-lpc-base-assets-sprites-map-tiles,https://opengameart.org/content/lpc-expanded-hair "
"hair/long/adult/walk.png"," ","JaidynReiman,Manuel Riecke (MrBeast) ","CC-BY-SA 3.0,GPL 3.0 ","https://opengameart.org/content/liberated-pixel-cup-lpc-base-assets-sprites-map-tiles,https://opengameart.org/content/lpc-expanded-hair "
"hair/long/adult/shoot.png"," ","JaidynReiman,Manuel Riecke (MrBeast) ","CC-BY-SA 3.0,GPL 3.0 ","https://opengameart.org/content/liberated-pixel-cup-lpc-base-assets-sprites-map-tiles,https://opengameart.org/content/lpc-expanded-hair "
"hair/long/adult/hurt.png"," ","JaidynReiman,Manuel Riecke (MrBeast) ","CC-BY-SA 3.0,GPL 3.0 ","https://opengameart.org/content/liberated-pixel-cup-lpc-base-assets-sprites-map-tiles,https://opengameart.org/content/lpc-expanded-hair "
"hair/long/adult/idle.png"," ","JaidynReiman,Manuel Riecke (MrBeast) ","CC-BY-SA 3.0,GPL 3.0 ","https://opengameart.org/content/liberated-pixel-cup-lpc-base-assets-sprites-map-tiles,https://opengameart.org/content/lpc-expanded-hair "
"hair/long/adult/run.png"," ","JaidynReiman,Manuel Riecke (MrBeast) ","CC-BY-SA 3.0,GPL 3.0 ","https://opengameart.org/content/liberated-pixel-cup-lpc-base-assets-sprites-map-tiles,https://opengameart.org/content/lpc-expanded-hair "
"hat/cloth/leather_cap/adult/spellcast.png","original by Johannes Sjölund (wulax), female by Matthew Krohn, mapped to all frames w/recolors by JaidynReiman ","Johannes Sjölund (wulax),Matthew Krohn (Makrohn),JaidynReiman ","OGA-BY 3.0,CC-BY-SA 3.0,GPL 3.0 ","https://opengameart.org/content/lpc-medieval-fantasy-character-sprites,https://opengameart.org/content/lpc-expanded-hats-facial-helmets "
"hat/cloth/leather_cap/adult/walk.png","original by Johannes Sjölund (wulax), female by Matthew Krohn, mapped to all frames w/recolors by JaidynReiman ","Johannes Sjölund (wulax),Matthew Krohn (Makrohn),JaidynReiman ","OGA-BY 3.0,CC-BY-SA 3.0,GPL 3.0 ","https://opengameart.org/content/lpc-medieval-fantasy-character-sprites,https://opengameart.org/content/lpc-expanded-hats-facial-helmets "
"hat/cloth/leather_cap/adult/shoot.png","original by Johannes Sjölund (wulax), female by Matthew Krohn, mapped to all frames w/recolors by JaidynReiman ","Johannes Sjölund (wulax),Matthew Krohn (Makrohn),JaidynReiman ","OGA-BY 3.0,CC-BY-SA 3.0,GPL 3.0 ","https://opengameart.org/content/lpc-medieval-fantasy-character-sprites,https://opengameart.org/content/lpc-expanded-hats-facial-helmets "
"hat/cloth/leather_cap/adult/hurt.png","original by Johannes Sjölund (wulax), female by Matthew Krohn, mapped to all frames w/recolors by JaidynReiman ","Johannes Sjölund (wulax),Matthew Krohn (Makrohn),JaidynReiman ","OGA-BY 3.0,CC-BY-SA 3.0,GPL 3.0 ","https://opengameart.org/content/lpc-medieval-fantasy-character-sprites,https://opengameart.org/content/lpc-expanded-hats-facial-helmets "
"hat/cloth/leather_cap/adult/idle.png","original by Johannes Sjölund (wulax), female by Matthew Krohn, mapped to all frames w/recolors by JaidynReiman ","Johannes Sjölund (wulax),Matthew Krohn (Makrohn),JaidynReiman ","OGA-BY 3.0,CC-BY-SA 3.0,GPL 3.0 ","https://opengameart.org/content/lpc-medieval-fantasy-character-sprites,https://opengameart.org/content/lpc-expanded-hats-facial-helmets "
"hat/cloth/leather_cap/adult/run.png","original by Johannes Sjölund (wulax), female by Matthew Krohn, mapped to all frames w/recolors by JaidynReiman ","Johannes Sjölund (wulax),Matthew Krohn (Makrohn),JaidynReiman ","OGA-BY 3.0,CC-BY-SA 3.0,GPL 3.0 ","https://opengameart.org/content/lpc-medieval-fantasy-character-sprites,https://opengameart.org/content/lpc-expanded-hats-facial-helmets "
"hat/magic/wizard/base/adult/spellcast.png","Original Wizard Hat and Recolors by bigbeargames and reemax; split into separate layers with new recolors by JaidynReiman ","Michael Whitlock (bigbeargames),Tuomo Untinen (reemax),JaidynReiman ","CC-BY-SA 3.0,GPL 2.0,GPL 3.0 ","https://opengameart.org/content/lpc-items-and-game-effects,https://opengameart.org/content/lpc-pointed-hats,https://opengameart.org/content/lpc-expanded-hats-facial-helmets "
"hat/magic/wizard/base/adult/walk.png","Original Wizard Hat and Recolors by bigbeargames and reemax; split into separate layers with new recolors by JaidynReiman ","Michael Whitlock (bigbeargames),Tuomo Untinen (reemax),JaidynReiman ","CC-BY-SA 3.0,GPL 2.0,GPL 3.0 ","https://opengameart.org/content/lpc-items-and-game-effects,https://opengameart.org/content/lpc-pointed-hats,https://opengameart.org/content/lpc-expanded-hats-facial-helmets "
"hat/magic/wizard/base/adult/shoot.png","Original Wizard Hat and Recolors by bigbeargames and reemax; split into separate layers with new recolors by JaidynReiman ","Michael Whitlock (bigbeargames),Tuomo Untinen (reemax),JaidynReiman ","CC-BY-SA 3.0,GPL 2.0,GPL 3.0 ","https://opengameart.org/content/lpc-items-and-game-effects,https://opengameart.org/content/lpc-pointed-hats,https://opengameart.org/content/lpc-expanded-hats-facial-helmets "
"hat/magic/wizard/base/adult/hurt.png","Original Wizard Hat and Recolors by bigbeargames and reemax; split into separate layers with new recolors by JaidynReiman ","Michael Whitlock (bigbeargames),Tuomo Untinen (reemax),JaidynReiman ","CC-BY-SA 3.0,GPL 2.0,GPL 3.0 ","https://opengameart.org/content/lpc-items-and-game-effects,https://opengameart.org/content/lpc-pointed-hats,https://opengameart.org/content/lpc-expanded-hats-facial-helmets "
"hat/magic/wizard/base/adult/idle.png","Original Wizard Hat and Recolors by bigbeargames and reemax; split into separate layers with new recolors by JaidynReiman ","Michael Whitlock (bigbeargames),Tuomo Untinen (reemax),JaidynReiman ","CC-BY-SA 3.0,GPL 2.0,GPL 3.0 ","https://opengameart.org/content/lpc-items-and-game-effects,https://opengameart.org/content/lpc-pointed-hats,https://opengameart.org/content/lpc-expanded-hats-facial-helmets "
"hat/magic/wizard/base/adult/run.png","Original Wizard Hat and Recolors by bigbeargames and reemax; split into separate layers with new recolors by JaidynReiman ","Michael Whitlock (bigbeargames),Tuomo Untinen (reemax),JaidynReiman ","CC-BY-SA 3.0,GPL 2.0,GPL 3.0 ","https://opengameart.org/content/lpc-items-and-game-effects,https://opengameart.org/content/lpc-pointed-hats,https://opengameart.org/content/lpc-expanded-hats-facial-helmets "
"hat/helmet/barbuta/male/spellcast.png"," ","bluecarrot16 ","OGA-BY 3.0,CC-BY 3.0,CC-BY 4.0,GPL 2.0,GPL 3.0 ","https://opengameart.org/content/lpc-helmets,https://opengameart.org/content/lpc-expanded-hats-facial-helmets "
"hat/helmet/barbuta/female/spellcast.png"," ","bluecarrot16 ","OGA-BY 3.0,CC-BY 3.0,CC-BY 4.0,GPL 2.0,GPL 3.0 ","https://opengameart.org/content/lpc-helmets,https://opengameart.org/content/lpc-expanded-hats-facial-helmets "
"hat/helmet/barbuta/male/walk.png"," ","bluecarrot16 ","OGA-BY 3.0,CC-BY 3.0,CC-BY 4.0,GPL 2.0,GPL 3.0 ","https://opengameart.org/content/lpc-helmets,https://opengameart.org/content/lpc-expanded-hats-facial-helmets "
"hat/helmet/barbuta/female/walk.png"," ","bluecarrot16 ","OGA-BY 3.0,CC-BY 3.0,CC-BY 4.0,GPL 2.0,GPL 3.0 ","https://opengameart.org/content/lpc-helmets,https://opengameart.org/content/lpc-expanded-hats-facial-helmets "
"hat/helmet/barbuta/male/shoot.png"," ","bluecarrot16 ","OGA-BY 3.0,CC-BY 3.0,CC-BY 4.0,GPL 2.0,GPL 3.0 ","https://opengameart.org/content/lpc-helmets,https://opengameart.org/content/lpc-expanded-hats-facial-helmets "
"hat/helmet/barbuta/female/shoot.png"," ","bluecarrot16 ","OGA-BY 3.0,CC-BY 3.0,CC-BY 4.0,GPL 2.0,GPL 3.0 ","https://opengameart.org/content/lpc-helmets,https://opengameart.org/content/lpc-expanded-hats-facial-helmets "
"hat/helmet/barbuta/male/hurt.png"," ","bluecarrot16 ","OGA-BY 3.0,CC-BY 3.0,CC-BY 4.0,GPL 2.0,GPL 3.0 ","https://opengameart.org/content/lpc-helmets,https://opengameart.org/content/lpc-expanded-hats-facial-helmets "
"hat/helmet/barbuta/female/hurt.png"," ","bluecarrot16 ","OGA-BY 3.0,CC-BY 3.0,CC-BY 4.0,GPL 2.0,GPL 3.0 ","https://opengameart.org/content/lpc-helmets,https://opengameart.org/content/lpc-expanded-hats-facial-helmets "
"hat/helmet/barbuta/male/idle.png"," ","bluecarrot16 ","OGA-BY 3.0,CC-BY 3.0,CC-BY 4.0,GPL 2.0,GPL 3.0 ","https://opengameart.org/content/lpc-helmets,https://opengameart.org/content/lpc-expanded-hats-facial-helmets "
"hat/helmet/barbuta/female/idle.png"," ","bluecarrot16 ","OGA-BY 3.0,CC-BY 3.0,CC-BY 4.0,GPL 2.0,GPL 3.0 ","https://opengameart.org/content/lpc-helmets,https://opengameart.org/content/lpc-expanded-hats-facial-helmets "
"hat/helmet/barbuta/male/run.png"," ","bluecarrot16 ","OGA-BY 3.0,CC-BY 3.0,CC-BY 4.0,GPL 2.0,GPL 3.0 ","https://opengameart.org/content/lpc-helmets,https://opengameart.org/content/lpc-expanded-hats-facial-helmets "
"hat/helmet/barbuta/female/run.png"," ","bluecarrot16 ","OGA-BY 3.0,CC-BY 3.0,CC-BY 4.0,GPL 2.0,GPL 3.0 ","https://opengameart.org/content/lpc-helmets,https://opengameart.org/content/lpc-expanded-hats-facial-helmets "
"torso/chainmail/male/spellcast.png","minor edits by bluecarrot16, reduced colors by Napsio, adjusted Male colors and Idle/Sit/Emote/Climb/Run by JaidynReiman ","Johannes Sjölund (wulax),Napsio (Vitruvian Studio),JaidynReiman ","OGA-BY 3.0,CC-BY-SA 3.0,GPL 3.0 ","https://opengameart.org/content/lpc-medieval-fantasy-character-sprites "
"torso/chainmail/female/spellcast.png","minor edits by bluecarrot16, reduced colors by Napsio, adjusted Male colors and Idle/Sit/Emote/Climb/Run by JaidynReiman ","Johannes Sjölund (wulax),Napsio (Vitruvian Studio),JaidynReiman ","OGA-BY 3.0,CC-BY-SA 3.0,GPL 3.0 ","https://opengameart.org/content/lpc-medieval-fantasy-character-sprites "
"torso/chainmail/male/walk.png","minor edits by bluecarrot16, reduced colors by Napsio, adjusted Male colors and Idle/Sit/Emote/Climb/Run by JaidynReiman ","Johannes Sjölund (wulax),Napsio (Vitruvian Studio),JaidynReiman ","OGA-BY 3.0,CC-BY-SA 3.0,GPL 3.0 ","https://opengameart.org/content/lpc-medieval-fantasy-character-sprites "
"torso/chainmail/female/walk.png","minor edits by bluecarrot16, reduced colors by Napsio, adjusted Male colors and Idle/Sit/Emote/Climb/Run by JaidynReiman ","Johannes Sjölund (wulax),Napsio (Vitruvian Studio),JaidynReiman ","OGA-BY 3.0,CC-BY-SA 3.0,GPL 3.0 ","https://opengameart.org/content/lpc-medieval-fantasy-character-sprites "
"torso/chainmail/male/shoot.png","minor edits by bluecarrot16, reduced colors by Napsio, adjusted Male colors and Idle/Sit/Emote/Climb/Run by JaidynReiman ","Johannes Sjölund (wulax),Napsio (Vitruvian Studio),JaidynReiman ","OGA-BY 3.0,CC-BY-SA 3.0,GPL 3.0 ","https://opengameart.org/content/lpc-medieval-fantasy-character-sprites "
"torso/chainmail/female/shoot.png","minor edits by bluecarrot16, reduced colors by Napsio, adjusted Male colors and Idle/Sit/Emote/Climb/Run by JaidynReiman ","Johannes Sjölund (wulax),Napsio (Vitruvian Studio),JaidynReiman ","OGA-BY 3.0,CC-BY-SA 3.0,GPL 3.0 ","https://opengameart.org/content/lpc-medieval-fantasy-character-sprites "
"torso/chainmail/male/hurt.png","minor edits by bluecarrot16, reduced colors by Napsio, adjusted Male colors and Idle/Sit/Emote/Climb/Run by JaidynReiman ","Johannes Sjölund (wulax),Napsio (Vitruvian Studio),JaidynReiman ","OGA-BY 3.0,CC-BY-SA 3.0,GPL 3.0 ","https://opengameart.org/content/lpc-medieval-fantasy-character-sprites "
"torso/chainmail/female/hurt.png","minor edits by bluecarrot16, reduced colors by Napsio, adjusted Male colors and Idle/Sit/Emote/Climb/Run by JaidynReiman ","Johannes Sjölund (wulax),Napsio (Vitruvian Studio),JaidynReiman ","OGA-BY 3.0,CC-BY-SA 3.0,GPL 3.0 ","https://opengameart.org/content/lpc-medieval-fantasy-character-sprites "
"torso/chainmail/male/idle.png","minor edits by bluecarrot16, reduced colors by Napsio, adjusted Male colors and Idle/Sit/Emote/Climb/Run by JaidynReiman ","Johannes Sjölund (wulax),Napsio (Vitruvian Studio),JaidynReiman ","OGA-BY 3.0,CC-BY-SA 3.0,GPL 3.0 ","https://opengameart.org/content/lpc-medieval-fantasy-character-sprites "
"torso/chainmail/female/idle.png","minor edits by bluecarrot16, reduced colors by Napsio, adjusted Male colors and Idle/Sit/Emote/Climb/Run by JaidynReiman ","Johannes Sjölund (wulax),Napsio (Vitruvian Studio),JaidynReiman ","OGA-BY 3.0,CC-BY-SA 3.0,GPL 3.0 ","https://opengameart.org/content/lpc-medieval-fantasy-character-sprites "
"torso/chainmail/male/run.png","minor edits by bluecarrot16, reduced colors by Napsio, adjusted Male colors and Idle/Sit/Emote/Climb/Run by JaidynReiman ","Johannes Sjölund (wulax),Napsio (Vitruvian Studio),JaidynReiman ","OGA-BY 3.0,CC-BY-SA 3.0,GPL 3.0 ","https://opengameart.org/content/lpc-medieval-fantasy-character-sprites "
"torso/chainmail/female/run.png","minor edits by bluecarrot16, reduced colors by Napsio, adjusted Male colors and Idle/Sit/Emote/Climb/Run by JaidynReiman ","Johannes Sjölund (wulax),Napsio (Vitruvian Studio),JaidynReiman ","OGA-BY 3.0,CC-BY-SA 3.0,GPL 3.0 ","https://opengameart.org/content/lpc-medieval-fantasy-character-sprites "
"torso/clothes/longsleeve/longsleeve/male/spellcast.png","original by wulax; tweaks and further recolors by bluecarrot16; cleanup and climb/jump/run/sit/emote/revised combat adapted from LPC Revised by JaidynReiman ","JaidynReiman,Johannes Sjölund (wulax) ","OGA-BY 3.0,CC-BY-SA 3.0,GPL 3.0 ","https://opengameart.org/content/lpc-medieval-fantasy-character-sprites,http://opengameart.org/content/lpc-clothing-updates,https://opengameart.org/content/lpc-revised-character-basics,https://github.com/ElizaWy/LPC/tree/main/Characters/Clothing,https://opengameart.org/content/lpc-expanded-sit-run-jump-more,https://opengameart.org/content/lpc-expanded-simple-shirts "
"torso/clothes/longsleeve/longsleeve/female/spellcast.png","original by ElizaWy, edited to v3 bases by bluecarrot16; cleanup and climb/jump/run/sit/emote/revised combat adapted from LPC Revised by JaidynReiman ","bluecarrot16,ElizaWy,JaidynReiman,Stephen Challener (Redshrike) ","OGA-BY 3.0,CC-BY-SA 3.0,GPL 3.0 ","https://opengameart.org/content/liberated-pixel-cup-lpc-base-assets-sprites-map-tiles,https://opengameart.org/content/lpc-7-womens-shirts,http://opengameart.org/content/lpc-clothing-updates,https://opengameart.org/content/lpc-revised-character-basics,https://github.com/ElizaWy/LPC/tree/main/Characters/Clothing,https://opengameart.org/content/lpc-expanded-sit-run-jump-more,https://opengameart.org/content/lpc-expanded-simple-shirts "
"torso/clothes/longsleeve/longsleeve/male/walk.png","original by wulax; tweaks and further recolors by bluecarrot16; cleanup and climb/jump/run/sit/emote/revised combat adapted from LPC Revised by JaidynReiman ","JaidynReiman,Johannes Sjölund (wulax) ","OGA-BY 3.0,CC-BY-SA 3.0,GPL 3.0 ","https://opengameart.org/content/lpc-medieval-fantasy-character-sprites,http://opengameart.org/content/lpc-clothing-updates,https://opengameart.org/content/lpc-revised-character-basics,https://github.com/ElizaWy/LPC/tree/main/Characters/Clothing,https://opengameart.org/content/lpc-expanded-sit-run-jump-more,https://opengameart.org/content/lpc-expanded-simple-shirts "
"torso/clothes/longsleeve/longsleeve/female/walk.png","original by ElizaWy, edited to v3 bases by bluecarrot16; cleanup and climb/jump/run/sit/emote/revised combat adapted from LPC Revised by JaidynReiman ","bluecarrot16,ElizaWy,JaidynReiman,Stephen Challener (Redshrike) ","OGA-BY 3.0,CC-BY-SA 3.0,GPL 3.0 ","https://opengameart.org/content/liberated-pixel-cup-lpc-base-assets-sprites-map-tiles,https://opengameart.org/content/lpc-7-womens-shirts,http://opengameart.org/content/lpc-clothing-updates,https://opengameart.org/content/lpc-revised-character-basics,https://github.com/ElizaWy/LPC/tree/main/Characters/Clothing,https://opengameart.org/content/lpc-expanded-sit-run-jump-more,https://opengameart.org/content/lpc-expanded-simple-shirts "
"torso/clothes/longsleeve/longsleeve/male/shoot.png","original by wulax; tweaks and further recolors by bluecarrot16; cleanup and climb/jump/run/sit/emote/revised combat adapted from LPC Revised by JaidynReiman ","JaidynReiman,Johannes Sjölund (wulax) ","OGA-BY 3.0,CC-BY-SA 3.0,GPL 3.0 ","https://opengameart.org/content/lpc-medieval-fantasy-character-sprites,http://opengameart.org/content/lpc-clothing-updates,https://opengameart.org/content/lpc-revised-character-basics,https://github.com/ElizaWy/LPC/tree/main/Characters/Clothing,https://opengameart.org/content/lpc-expanded-sit-run-jump-more,https://opengameart.org/content/lpc-expanded-simple-shirts "
"torso/clothes/longsleeve/longsleeve/female/shoot.png","original by ElizaWy, edited to v3 bases by bluecarrot16; cleanup and climb/jump/run/sit/emote/revised combat adapted from LPC Revised by JaidynReiman ","bluecarrot16,ElizaWy,JaidynReiman,Stephen Challener (Redshrike) ","OGA-BY 3.0,CC-BY-SA 3.0,GPL 3.0 ","https://opengameart.org/content/liberated-pixel-cup-lpc-base-assets-sprites-map-tiles,https://opengameart.org/content/lpc-7-womens-shirts,http://opengameart.org/content/lpc-clothing-updates,https://opengameart.org/content/lpc-revised-character-basics,https://github.com/ElizaWy/LPC/tree/main/Characters/Clothing,https://opengameart.org/content/lpc-expanded-sit-run-jump-more,https://opengameart.org/content/lpc-expanded-simple-shirts "
"torso/clothes/longsleeve/longsleeve/male/hurt.png","original by wulax; tweaks and further recolors by bluecarrot16; cleanup and climb/jump/run/sit/emote/revised combat adapted from LPC Revised by JaidynReiman ","JaidynReiman,Johannes Sjölund (wulax) ","OGA-BY 3.0,CC-BY-SA 3.0,GPL 3.0 ","https://opengameart.org/content/lpc-medieval-fantasy-character-sprites,http://opengameart.org/content/lpc-clothing-updates,https://opengameart.org/content/lpc-revised-character-basics,https://github.com/ElizaWy/LPC/tree/main/Characters/Clothing,https://opengameart.org/content/lpc-expanded-sit-run-jump-more,https://opengameart.org/content/lpc-expanded-simple-shirts "
"torso/clothes/longsleeve/longsleeve/female/hurt.png","original by ElizaWy, edited to v3 bases by bluecarrot16; cleanup and climb/jump/run/sit/emote/revised combat adapted from LPC Revised by JaidynReiman ","bluecarrot16,ElizaWy,JaidynReiman,Stephen Challener (Redshrike) ","OGA-BY 3.0,CC-BY-SA 3.0,GPL 3.0 ","https://opengameart.org/content/liberated-pixel-cup-lpc-base-assets-sprites-map-tiles,https://opengameart.org/content/lpc-7-womens-shirts,http://opengameart.org/content/lpc-clothing-updates,https://opengameart.org/content/lpc-revised-character-basics,https://github.com/ElizaWy/LPC/tree/main/Characters/Clothing,https://opengameart.org/content/lpc-expanded-sit-run-jump-more,https://opengameart.org/content/lpc-expanded-simple-shirts "
"torso/clothes/longsleeve/longsleeve/male/idle.png","original by wulax; tweaks and further recolors by bluecarrot16; cleanup and climb/jump/run/sit/emote/revised combat adapted from LPC Revised by JaidynReiman ","JaidynReiman,Johannes Sjölund (wulax) ","OGA-BY 3.0,CC-BY-SA 3.0,GPL 3.0 ","https://opengameart.org/content/lpc-medieval-fantasy-character-sprites,http://opengameart.org/content/lpc-clothing-updates,https://opengameart.org/content/lpc-revised-character-basics,https://github.com/ElizaWy/LPC/tree/main/Characters/Clothing,https://opengameart.org/content/lpc-expanded-sit-run-jump-more,https://opengameart.org/content/lpc-expanded-simple-shirts "
"torso/clothes/longsleeve/longsleeve/female/idle.png","original by ElizaWy, edited to v3 bases by bluecarrot16; cleanup and climb/jump/run/sit/emote/revised combat adapted from LPC Revised by JaidynReiman ","bluecarrot16,ElizaWy,JaidynReiman,Stephen Challener (Redshrike) ","OGA-BY 3.0,CC-BY-SA 3.0,GPL 3.0 ","https://opengameart.org/content/liberated-pixel-cup-lpc-base-assets-sprites-map-tiles,https://opengameart.org/content/lpc-7-womens-shirts,http://opengameart.org/content/lpc-clothing-updates,https://opengameart.org/content/lpc-revised-character-basics,https://github.com/ElizaWy/LPC/tree/main/Characters/Clothing,https://opengameart.org/content/lpc-expanded-sit-run-jump-more,https://opengameart.org/content/lpc-expanded-simple-shirts "
"torso/clothes/longsleeve/longsleeve/male/run.png","original by wulax; tweaks and further recolors by bluecarrot16; cleanup and climb/jump/run/sit/emote/revised combat adapted from LPC Revised by JaidynReiman ","JaidynReiman,Johannes Sjölund (wulax) ","OGA-BY 3.0,CC-BY-SA 3.0,GPL 3.0 ","https://opengameart.org/content/lpc-medieval-fantasy-character-sprites,http://opengameart.org/content/lpc-clothing-updates,https://opengameart.org/content/lpc-revised-character-basics,https://github.com/ElizaWy/LPC/tree/main/Characters/Clothing,https://opengameart.org/content/lpc-expanded-sit-run-jump-more,https://opengameart.org/content/lpc-expanded-simple-shirts "
"torso/clothes/longsleeve/longsleeve/female/run.png","original by ElizaWy, edited to v3 bases by bluecarrot16; cleanup and climb/jump/run/sit/emote/revised combat adapted from LPC Revised by JaidynReiman ","bluecarrot16,ElizaWy,JaidynReiman,Stephen Challener (Redshrike) ","OGA-BY 3.0,CC-BY-SA 3.0,GPL 3.0 ","https://opengameart.org/content/liberated-pixel-cup-lpc-base-assets-sprites-map-tiles,https://opengameart.org/content/lpc-7-womens-shirts,http://opengameart.org/content/lpc-clothing-updates,https://opengameart.org/content/lpc-revised-character-basics,https://github.com/ElizaWy/LPC/tree/main/Characters/Clothing,https://opengameart.org/content/lpc-expanded-sit-run-jump-more,https://opengameart.org/content/lpc-expanded-simple-shirts "
"torso/armour/leather/male/spellcast.png","adapted to v3 bases by bluecarrot16, reduced colors and climb/emote/jump by JaidynReiman ","Johannes Sjölund (wulax),bluecarrot16,JaidynReiman ","OGA-BY 3.0,CC-BY-SA 3.0,GPL 3.0 ","https://opengameart.org/content/lpc-medieval-fantasy-character-sprites,https://opengameart.org/content/lpc-clothing-updates,https://opengameart.org/content/lpc-expanded-armor "
"torso/armour/leather/female/spellcast.png","recolor of torso/armour/leather/female/brown.png, adapted to v3 bases by bluecarrot16, reduced colors and climb/emote/jump by JaidynReiman ","Michael Whitlock (bigbeargames),Matthew Krohn (makrohn),Johannes Sjölund (wulax),bluecarrot16,JaidynReiman ","OGA-BY 3.0,CC-BY-SA 3.0,GPL 3.0 ","https://opengameart.org/content/lpc-medieval-fantasy-character-sprites,https://opengameart.org/content/lpc-combat-armor-for-women,https://opengameart.org/content/lpc-clothing-updates,https://opengameart.org/content/lpc-expanded-armor "
"torso/armour/leather/male/walk.png","adapted to v3 bases by bluecarrot16, reduced colors and climb/emote/jump by JaidynReiman ","Johannes Sjölund (wulax),bluecarrot16,JaidynReiman ","OGA-BY 3.0,CC-BY-SA 3.0,GPL 3.0 ","https://opengameart.org/content/lpc-medieval-fantasy-character-sprites,https://opengameart.org/content/lpc-clothing-updates,https://opengameart.org/content/lpc-expanded-armor "
"torso/armour/leather/female/walk.png","recolor of torso/armour/leather/female/brown.png, adapted to v3 bases by bluecarrot16, reduced colors and climb/emote/jump by JaidynReiman ","Michael Whitlock (bigbeargames),Matthew Krohn (makrohn),Johannes Sjölund (wulax),bluecarrot16,JaidynReiman ","OGA-BY 3.0,CC-BY-SA 3.0,GPL 3.0 ","https://opengameart.org/content/lpc-medieval-fantasy-character-sprites,https://opengameart.org/content/lpc-combat-armor-for-women,https://opengameart.org/content/lpc-clothing-updates,https://opengameart.org/content/lpc-expanded-armor "
"torso/armour/leather/male/shoot.png","adapted to v3 bases by bluecarrot16, reduced colors and climb/emote/jump by JaidynReiman ","Johannes Sjölund (wulax),bluecarrot16,JaidynReiman ","OGA-BY 3.0,CC-BY-SA 3.0,GPL 3.0 ","https://opengameart.org/content/lpc-medieval-fantasy-character-sprites,https://opengameart.org/content/lpc-clothing-updates,https://opengameart.org/content/lpc-expanded-armor "
"torso/armour/leather/female/shoot.png","recolor of torso/armour/leather/female/brown.png, adapted to v3 bases by bluecarrot16, reduced colors and climb/emote/jump by JaidynReiman ","Michael Whitlock (bigbeargames),Matthew Krohn (makrohn),Johannes Sjölund (wulax),bluecarrot16,JaidynReiman ","OGA-BY 3.0,CC-BY-SA 3.0,GPL 3.0 ","https://opengameart.org/content/lpc-medieval-fantasy-character-sprites,https://opengameart.org/content/lpc-combat-armor-for-women,https://opengameart.org/content/lpc-clothing-updates,https://opengameart.org/content/lpc-expanded-armor "
"torso/armour/leather/male/hurt.png","adapted to v3 bases by bluecarrot16, reduced colors and climb/emote/jump by JaidynReiman ","Johannes Sjölund (wulax),bluecarrot16,JaidynReiman ","OGA-BY 3.0,CC-BY-SA 3.0,GPL 3.0 ","https://opengameart.org/content/lpc-medieval-fantasy-character-sprites,https://opengameart.org/content/lpc-clothing-updates,https://opengameart.org/content/lpc-expanded-armor "
"torso/armour/leather/female/hurt.png","recolor of torso/armour/leather/female/brown.png, adapted to v3 bases by bluecarrot16, reduced colors and climb/emote/jump by JaidynReiman ","Michael Whitlock (bigbeargames),Matthew Krohn (makrohn),Johannes Sjölund (wulax),bluecarrot16,JaidynReiman ","OGA-BY 3.0,CC-BY-SA 3.0,GPL 3.0 ","https://opengameart.org/content/lpc-medieval-fantasy-character-sprites,https://opengameart.org/content/lpc-combat-armor-for-women,https://opengameart.org/content/lpc-clothing-updates,https://opengameart.org/content/lpc-expanded-armor "
"torso/armour/leather/male/idle.png","adapted to v3 bases by bluecarrot16, reduced colors and climb/emote/jump by JaidynReiman ","Johannes Sjölund (wulax),bluecarrot16,JaidynReiman ","OGA-BY 3.0,CC-BY-SA 3.0,GPL 3.0 ","https://opengameart.org/content/lpc-medieval-fantasy-character-sprites,https://opengameart.org/content/lpc-clothing-updates,https://opengameart.org/content/lpc-expanded-armor "
"torso/armour/leather/female/idle.png","recolor of torso/armour/leather/female/brown.png, adapted to v3 bases by bluecarrot16, reduced colors and climb/emote/jump by JaidynReiman ","Michael Whitlock (bigbeargames),Matthew Krohn (makrohn),Johannes Sjölund (wulax),bluecarrot16,JaidynReiman ","OGA-BY 3.0,CC-BY-SA 3.0,GPL 3.0 ","https://opengameart.org/content/lpc-medieval-fantasy-character-sprites,https://opengameart.org/content/lpc-combat-armor-for-women,https://opengameart.org/content/lpc-clothing-updates,https://opengameart.org/content/lpc-expanded-armor "
"torso/armour/leather/male/run.png","adapted to v3 bases by bluecarrot16, reduced colors and climb/emote/jump by JaidynReiman ","Johannes Sjölund (wulax),bluecarrot16,JaidynReiman ","OGA-BY 3.0,CC-BY-SA 3.0,GPL 3.0 ","https://opengameart.org/content/lpc-medieval-fantasy-character-sprites,https://opengameart.org/content/lpc-clothing-updates,https://opengameart.org/content/lpc-expanded-armor "
"torso/armour/leather/female/run.png","recolor of torso/armour/leather/female/brown.png, adapted to v3 bases by bluecarrot16, reduced colors and climb/emote/jump by JaidynReiman ","Michael Whitlock (bigbeargames),Matthew Krohn (makrohn),Johannes Sjölund (wulax),bluecarrot16,JaidynReiman ","OGA-BY 3.0,CC-BY-SA 3.0,GPL 3.0 ","https://opengameart.org/content/lpc-medieval-fantasy-character-sprites,https://opengameart.org/content/lpc-combat-armor-for-women,https://opengameart.org/content/lpc-clothing-updates,https://opengameart.org/content/lpc-expanded-armor "
"legs/pants/male/spellcast.png","original male pants by wulax, recolors and edits to v3 base by bluecarrot16, climb/jump/run/sit/emotes/revised combat by JaidynReiman based on ElizaWy's LPC Revised ","bluecarrot16,JaidynReiman,ElizaWy,Matthew Krohn (makrohn),Johannes Sjölund (wulax),Stephen Challener (Redshrike) ","OGA-BY 3.0,GPL 3.0,CC-BY-SA 3.0 ","https://opengameart.org/content/liberated-pixel-cup-lpc-base-assets-sprites-map-tiles,https://opengameart.org/content/lpc-medieval-fantasy-character-sprites,https://opengameart.org/content/lpc-expanded-pants "
"legs/pants/thin/spellcast.png","original male pants by wulax, edited for female by Joe White, recolors and edits to v3 base by bluecarrot16, teen legs by ElizaWy derived from base, climb/jump/run/sit/emotes/revised combat by JaidynReiman based on ElizaWy's LPC Revised ","bluecarrot16,JaidynReiman,ElizaWy,Joe White,Matthew Krohn (makrohn),Johannes Sjölund (wulax),Stephen Challener (Redshrike) ","OGA-BY 3.0,GPL 3.0,CC-BY-SA 3.0 ","https://opengameart.org/content/liberated-pixel-cup-lpc-base-assets-sprites-map-tiles,https://opengameart.org/content/lpc-medieval-fantasy-character-sprites,http://opengameart.org/content/lpc-clothing-updates,https://opengameart.org/content/lpc-expanded-pants "
"legs/pants/male/walk.png","original male pants by wulax, recolors and edits to v3 base by bluecarrot16, climb/jump/run/sit/emotes/revised combat by JaidynReiman based on ElizaWy's LPC Revised ","bluecarrot16,JaidynReiman,ElizaWy,Matthew Krohn (makrohn),Johannes Sjölund (wulax),Stephen Challener (Redshrike) ","OGA-BY 3.0,GPL 3.0,CC-BY-SA 3.0 ","https://opengameart.org/content/liberated-pixel-cup-lpc-base-assets-sprites-map-tiles,https://opengameart.org/content/lpc-medieval-fantasy-character-sprites,https://opengameart.org/content/lpc-expanded-pants "
"legs/pants/thin/walk.png","original male pants by wulax, edited for female by Joe White, recolors and edits to v3 base by bluecarrot16, teen legs by ElizaWy derived from base, climb/jump/run/sit/emotes/revised combat by JaidynReiman based on ElizaWy's LPC Revised ","bluecarrot16,JaidynReiman,ElizaWy,Joe White,Matthew Krohn (makrohn),Johannes Sjölund (wulax),Stephen Challener (Redshrike) ","OGA-BY 3.0,GPL 3.0,CC-BY-SA 3.0 ","https://opengameart.org/content/liberated-pixel-cup-lpc-base-assets-sprites-map-tiles,https://opengameart.org/content/lpc-medieval-fantasy-character-sprites,http://opengameart.org/content/lpc-clothing-updates,https://opengameart.org/content/lpc-expanded-pants "
"legs/pants/male/shoot.png","original male pants by wulax, recolors and edits to v3 base by bluecarrot16, climb/jump/run/sit/emotes/revised combat by JaidynReiman based on ElizaWy's LPC Revised ","bluecarrot16,JaidynReiman,ElizaWy,Matthew Krohn (makrohn),Johannes Sjölund (wulax),Stephen Challener (Redshrike) ","OGA-BY 3.0,GPL 3.0,CC-BY-SA 3.0 ","https://opengameart.org/content/liberated-pixel-cup-lpc-base-assets-sprites-map-tiles,https://opengameart.org/content/lpc-medieval-fantasy-character-sprites,https://opengameart.org/content/lpc-expanded-pants "
"legs/pants/thin/shoot.png","original male pants by wulax, edited for female by Joe White, recolors and edits to v3 base by bluecarrot16, teen legs by ElizaWy derived from base, climb/jump/run/sit/emotes/revised combat by JaidynReiman based on ElizaWy's LPC Revised ","bluecarrot16,JaidynReiman,ElizaWy,Joe White,Matthew Krohn (makrohn),Johannes Sjölund (wulax),Stephen Challener (Redshrike) ","OGA-BY 3.0,GPL 3.0,CC-BY-SA 3.0 ","https://opengameart.org/content/liberated-pixel-cup-lpc-base-assets-sprites-map-tiles,https://opengameart.org/content/lpc-medieval-fantasy-character-sprites,http://opengameart.org/content/lpc-clothing-updates,https://opengameart.org/content/lpc-expanded-pants "
"legs/pants/male/hurt.png","original male pants by wulax, recolors and edits to v3 base by bluecarrot16, climb/jump/run/sit/emotes/revised combat by JaidynReiman based on ElizaWy's LPC Revised ","bluecarrot16,JaidynReiman,ElizaWy,Matthew Krohn (makrohn),Johannes Sjölund (wulax),Stephen Challener (Redshrike) ","OGA-BY 3.0,GPL 3.0,CC-BY-SA 3.0 ","https://opengameart.org/content/liberated-pixel-cup-lpc-base-assets-sprites-map-tiles,https://opengameart.org/content/lpc-medieval-fantasy-character-sprites,https://opengameart.org/content/lpc-expanded-pants "
"legs/pants/thin/hurt.png","original male pants by wulax, edited for female by Joe White, recolors and edits to v3 base by bluecarrot16, teen legs by ElizaWy derived from base, climb/jump/run/sit/emotes/revised combat by JaidynReiman based on ElizaWy's LPC Revised ","bluecarrot16,JaidynReiman,ElizaWy,Joe White,Matthew Krohn (makrohn),Johannes Sjölund (wulax),Stephen Challener (Redshrike) ","OGA-BY 3.0,GPL 3.0,CC-BY-SA 3.0 ","https://opengameart.org/content/liberated-pixel-cup-lpc-base-assets-sprites-map-tiles,https://opengameart.org/content/lpc-medieval-fantasy-character-sprites,http://opengameart.org/content/lpc-clothing-updates,https://opengameart.org/content/lpc-expanded-pants "
"legs/pants/male/idle.png","original male pants by wulax, recolors and edits to v3 base by bluecarrot16, climb/jump/run/sit/emotes/revised combat by JaidynReiman based on ElizaWy's LPC Revised ","bluecarrot16,JaidynReiman,ElizaWy,Matthew Krohn (makrohn),Johannes Sjölund (wulax),Stephen Challener (Redshrike) ","OGA-BY 3.0,GPL 3.0,CC-BY-SA 3.0 ","https://opengameart.org/content/liberated-pixel-cup-lpc-base-assets-sprites-map-tiles,https://opengameart.org/content/lpc-medieval-fantasy-character-sprites,https://opengameart.org/content/lpc-expanded-pants "
"legs/pants/thin/idle.png","original male pants by wulax, edited for female by Joe White, recolors and edits to v3 base by bluecarrot16, teen legs by ElizaWy derived from base, climb/jump/run/sit/emotes/revised combat by JaidynReiman based on ElizaWy's LPC Revised ","bluecarrot16,JaidynReiman,ElizaWy,Joe White,Matthew Krohn (makrohn),Johannes Sjölund (wulax),Stephen Challener (Redshrike) ","OGA-BY 3.0,GPL 3.0,CC-BY-SA 3.0 ","https://opengameart.org/content/liberated-pixel-cup-lpc-base-assets-sprites-map-tiles,https://opengameart.org/content/lpc-medieval-fantasy-character-sprites,http://opengameart.org/content/lpc-clothing-updates,https://opengameart.org/content/lpc-expanded-pants "
"legs/pants/male/run.png","original male pants by wulax, recolors and edits to v3 base by bluecarrot16, climb/jump/run/sit/emotes/revised combat by JaidynReiman based on ElizaWy's LPC Revised ","bluecarrot16,JaidynReiman,ElizaWy,Matthew Krohn (makrohn),Johannes Sjölund (wulax),Stephen Challener (Redshrike) ","OGA-BY 3.0,GPL 3.0,CC-BY-SA 3.0 ","https://opengameart.org/content/liberated-pixel-cup-lpc-base-assets-sprites-map-tiles,https://opengameart.org/content/lpc-medieval-fantasy-character-sprites,https://opengameart.org/content/lpc-expanded-pants "
"legs/pants/thin/run.png","original male pants by wulax, edited for female by Joe White, recolors and edits to v3 base by bluecarrot16, teen legs by ElizaWy derived from base, climb/jump/run/sit/emotes/revised combat by JaidynReiman based on ElizaWy's LPC Revised ","bluecarrot16,JaidynReiman,ElizaWy,Joe White,Matthew Krohn (makrohn),Johannes Sjölund (wulax),Stephen Challener (Redshrike) ","OGA-BY 3.0,GPL 3.0,CC-BY-SA 3.0 ","https://opengameart.org/content/liberated-pixel-cup-lpc-base-assets-sprites-map-tiles,https://opengameart.org/content/lpc-medieval-fantasy-character-sprites,http://opengameart.org/content/lpc-clothing-updates,https://opengameart.org/content/lpc-expanded-pants "
"legs/leggings/male/spellcast.png","Original bases by Redshrike, thrust/shoot bases by Wulax, original overalls by ElizaWy, base animations adapted from v3 overalls by bluecarrot16, leggings by JaidynReiman ","bluecarrot16,ElizaWy,JaidynReiman,Mandi Paugh,William.Thompsonj,Johannes Sjölund (wulax),Stephen Challener (Redshrike) ","OGA-BY 3.0,GPL 3.0 ","https://github.com/ElizaWy/LPC/tree/main/Characters/Clothing,https://opengameart.org/content/lpc-expanded-pants "
"legs/leggings/thin/spellcast.png","Original bases by Redshrike, thrust/shoot bases by Wulax, adapted from sara's leggings to v3 bases by bluecarrot16, jump/run/sit by JaidynReiman based on ElizaWy's and modified to match ","bluecarrot16,ElizaWy,JaidynReiman,Mandi Paugh,William.Thompsonj,Johannes Sjölund (wulax),Stephen Challener (Redshrike) ","OGA-BY 3.0 ","http://opengameart.org/content/sara-wizard,https://opengameart.org/content/lpc-sara,https://opengameart.org/content/lpc-expanded-pants "
"legs/leggings/male/walk.png","Original bases by Redshrike, thrust/shoot bases by Wulax, original overalls by ElizaWy, base animations adapted from v3 overalls by bluecarrot16, leggings by JaidynReiman ","bluecarrot16,ElizaWy,JaidynReiman,Mandi Paugh,William.Thompsonj,Johannes Sjölund (wulax),Stephen Challener (Redshrike) ","OGA-BY 3.0,GPL 3.0 ","https://github.com/ElizaWy/LPC/tree/main/Characters/Clothing,https://opengameart.org/content/lpc-expanded-pants "
"legs/leggings/thin/walk.png","Original bases by Redshrike, thrust/shoot bases by Wulax, adapted from sara's leggings to v3 bases by bluecarrot16, jump/run/sit by JaidynReiman based on ElizaWy's and modified to match ","bluecarrot16,ElizaWy,JaidynReiman,Mandi Paugh,William.Thompsonj,Johannes Sjölund (wulax),Stephen Challener (Redshrike) ","OGA-BY 3.0 ","http://opengameart.org/content/sara-wizard,https://opengameart.org/content/lpc-sara,https://opengameart.org/content/lpc-expanded-pants "
"legs/leggings/male/shoot.png","Original bases by Redshrike, thrust/shoot bases by Wulax, original overalls by ElizaWy, base animations adapted from v3 overalls by bluecarrot16, leggings by JaidynReiman ","bluecarrot16,ElizaWy,JaidynReiman,Mandi Paugh,William.Thompsonj,Johannes Sjölund (wulax),Stephen Challener (Redshrike) ","OGA-BY 3.0,GPL 3.0 ","https://github.com/ElizaWy/LPC/tree/main/Characters/Clothing,https://opengameart.org/content/lpc-expanded-pants "
"legs/leggings/thin/shoot.png","Original bases by Redshrike, thrust/shoot bases by Wulax, adapted from sara's leggings to v3 bases by bluecarrot16, jump/run/sit by JaidynReiman based on ElizaWy's and modified to match ","bluecarrot16,ElizaWy,JaidynReiman,Mandi Paugh,William.Thompsonj,Johannes Sjölund (wulax),Stephen Challener (Redshrike) ","OGA-BY 3.0 ","http://opengameart.org/content/sara-wizard,https://opengameart.org/content/lpc-sara,https://opengameart.org/content/lpc-expanded-pants "
"legs/leggings/male/hurt.png","Original bases by Redshrike, thrust/shoot bases by Wulax, original overalls by ElizaWy, base animations adapted from v3 overalls by bluecarrot16, leggings by JaidynReiman ","bluecarrot16,ElizaWy,JaidynReiman,Mandi Paugh,William.Thompsonj,Johannes Sjölund (wulax),Stephen Challener (Redshrike) ","OGA-BY 3.0,GPL 3.0 ","https://github.com/ElizaWy/LPC/tree/main/Characters/Clothing,https://opengameart.org/content/lpc-expanded-pants "
"legs/leggings/thin/hurt.png","Original bases by Redshrike, thrust/shoot bases by Wulax, adapted from sara's leggings to v3 bases by bluecarrot16, jump/run/sit by JaidynReiman based on ElizaWy's and modified to match ","bluecarrot16,ElizaWy,JaidynReiman,Mandi Paugh,William.Thompsonj,Johannes Sjölund (wulax),Stephen Challener (Redshrike) ","OGA-BY 3.0 ","http://opengameart.org/content/sara-wizard,https://opengameart.org/content/lpc-sara,https://opengameart.org/content/lpc-expanded-pants "
"legs/leggings/male/idle.png","Original bases by Redshrike, thrust/shoot bases by Wulax, original overalls by ElizaWy, base animations adapted from v3 overalls by bluecarrot16, leggings by JaidynReiman ","bluecarrot16,ElizaWy,JaidynReiman,Mandi Paugh,William.Thompsonj,Johannes Sjölund (wulax),Stephen Challener (Redshrike) ","OGA-BY 3.0,GPL 3.0 ","https://github.com/ElizaWy/LPC/tree/main/Characters/Clothing,https://opengameart.org/content/lpc-expanded-pants "
"legs/leggings/thin/idle.png","Original bases by Redshrike, thrust/shoot bases by Wulax, adapted from sara's leggings to v3 bases by bluecarrot16, jump/run/sit by JaidynReiman based on ElizaWy's and modified to match ","bluecarrot16,ElizaWy,JaidynReiman,Mandi Paugh,William.Thompsonj,Johannes Sjölund (wulax),Stephen Challener (Redshrike) ","OGA-BY 3.0 ","http://opengameart.org/content/sara-wizard,https://opengameart.org/content/lpc-sara,https://opengameart.org/content/lpc-expanded-pants "
"legs/leggings/male/run.png","Original bases by Redshrike, thrust/shoot bases by Wulax, original overalls by ElizaWy, base animations adapted from v3 overalls by bluecarrot16, leggings by JaidynReiman ","bluecarrot16,ElizaWy,JaidynReiman,Mandi Paugh,William.Thompsonj,Johannes Sjölund (wulax),Stephen Challener (Redshrike) ","OGA-BY 3.0,GPL 3.0 ","https://github.com/ElizaWy/LPC/tree/main/Characters/Clothing,https://opengameart.org/content/lpc-expanded-pants "
"legs/leggings/thin/run.png","Original bases by Redshrike, thrust/shoot bases by Wulax, adapted from sara's leggings to v3 bases by bluecarrot16, jump/run/sit by JaidynReiman based on ElizaWy's and modified to match ","bluecarrot16,ElizaWy,JaidynReiman,Mandi Paugh,William.Thompsonj,Johannes Sjölund (wulax),Stephen Challener (Redshrike) ","OGA-BY 3.0 ","http://opengameart.org/content/sara-wizard,https://opengameart.org/content/lpc-sara,https://opengameart.org/content/lpc-expanded-pants "
"weapon/ranged/bow/great/universal/foreground/shoot.png","modified by daneeklu, from **normal** bow by wulax; walk animations by pvigier; split into layers and tweaked for v3 character bases by bluecarrot16 ","Daniel Eddeland (daneeklu),gr3yh47,Johannes Sjölund (wulax),Pierre Vigier (pvigier) ","CC-BY-SA 3.0 ","https://opengameart.org/content/lpc-weapons-two-bows-a-spear-and-a-trident,https://opengameart.org/content/lpc-walk-animations-for-bows "
"weapon/ranged/bow/great/universal/background/hurt.png","modified by daneeklu, from **normal** bow by wulax; walk animations by pvigier; split into layers and tweaked for v3 character bases by bluecarrot16 ","Daniel Eddeland (daneeklu),gr3yh47,Johannes Sjölund (wulax),Pierre Vigier (pvigier) ","CC-BY-SA 3.0 ","https://opengameart.org/content/lpc-weapons-two-bows-a-spear-and-a-trident,https://opengameart.org/content/lpc-walk-animations-for-bows "
"weapon/ranged/bow/great/universal/foreground/hurt.png","modified by daneeklu, from **normal** bow by wulax; walk animations by pvigier; split into layers and tweaked for v3 character bases by bluecarrot16 ","Daniel Eddeland (daneeklu),gr3yh47,Johannes Sjölund (wulax),Pierre Vigier (pvigier) ","CC-BY-SA 3.0 ","https://opengameart.org/content/lpc-weapons-two-bows-a-spear-and-a-trident,https://opengameart.org/content/lpc-walk-animations-for-bows "
"weapon/ranged/bow/normal/universal/background/shoot.png","original by wulax, walk animations by pvigier, split into layers and tweaked for v3 character bases by bluecarrot16. pvigier has agreed to license this sheet as OGA-BY 3.0+. ","Johannes Sjölund (wulax),Pierre Vigier (pvigier) ","OGA-BY 3.0+,GPL 3.0,CC-BY 4.0 ","https://opengameart.org/content/lpc-medieval-fantasy-character-sprites,https://opengameart.org/content/lpc-walk-animations-for-bows "
"weapon/ranged/bow/normal/universal/foreground/shoot.png","original by wulax, walk animations by pvigier, split into layers and tweaked for v3 character bases by bluecarrot16. pvigier has agreed to license this sheet as OGA-BY 3.0+. ","Johannes Sjölund (wulax),Pierre Vigier (pvigier) ","OGA-BY 3.0+,GPL 3.0,CC-BY 4.0 ","https://opengameart.org/content/lpc-medieval-fantasy-character-sprites,https://opengameart.org/content/lpc-walk-animations-for-bows "
"weapon/ranged/bow/normal/universal/background/hurt.png","original by wulax, walk animations by pvigier, split into layers and tweaked for v3 character bases by bluecarrot16. pvigier has agreed to license this sheet as OGA-BY 3.0+. ","Johannes Sjölund (wulax),Pierre Vigier (pvigier) ","OGA-BY 3.0+,GPL 3.0,CC-BY 4.0 ","https://opengameart.org/content/lpc-medieval-fantasy-character-sprites,https://opengameart.org/content/lpc-walk-animations-for-bows "
"weapon/ranged/bow/normal/universal/foreground/hurt.png","original by wulax, walk animations by pvigier, split into layers and tweaked for v3 character bases by bluecarrot16. pvigier has agreed to license this sheet as OGA-BY 3.0+. ","Johannes Sjölund (wulax),Pierre Vigier (pvigier) ","OGA-BY 3.0+,GPL 3.0,CC-BY 4.0 ","https://opengameart.org/content/lpc-medieval-fantasy-character-sprites,https://opengameart.org/content/lpc-walk-animations-for-bows "
"weapon/ranged/bow/recurve/universal/background/shoot.png","modified by daneeklu, from **normal** bow by wulax; walk animations by pvigier; split into layers and tweaked for v3 character bases by bluecarrot16 ","Daniel Eddeland (daneeklu),gr3yh47,Johannes Sjölund (wulax),Pierre Vigier (pvigier) ","CC-BY-SA 3.0 ","https://opengameart.org/content/lpc-weapons-two-bows-a-spear-and-a-trident,https://opengameart.org/content/lpc-walk-animations-for-bows "
"weapon/ranged/bow/recurve/universal/foreground/shoot.png","modified by daneeklu, from **normal** bow by wulax; walk animations by pvigier; split into layers and tweaked for v3 character bases by bluecarrot16 ","Daniel Eddeland (daneeklu),gr3yh47,Johannes Sjölund (wulax),Pierre Vigier (pvigier) ","CC-BY-SA 3.0 ","https://opengameart.org/content/lpc-weapons-two-bows-a-spear-and-a-trident,https://opengameart.org/content/lpc-walk-animations-for-bows "
"weapon/ranged/bow/recurve/universal/background/hurt.png","modified by daneeklu, from **normal** bow by wulax; walk animations by pvigier; split into layers and tweaked for v3 character bases by bluecarrot16 ","Daniel Eddeland (daneeklu),gr3yh47,Johannes Sjölund (wulax),Pierre Vigier (pvigier) ","CC-BY-SA 3.0 ","https://opengameart.org/content/lpc-weapons-two-bows-a-spear-and-a-trident,https://opengameart.org/content/lpc-walk-animations-for-bows "
"weapon/ranged/bow/recurve/universal/foreground/hurt.png","modified by daneeklu, from **normal** bow by wulax; walk animations by pvigier; split into layers and tweaked for v3 character bases by bluecarrot16 ","Daniel Eddeland (daneeklu),gr3yh47,Johannes Sjölund (wulax),Pierre Vigier (pvigier) ","CC-BY-SA 3.0 ","https://opengameart.org/content/lpc-weapons-two-bows-a-spear-and-a-trident,https://opengameart.org/content/lpc-walk-animations-for-bows "
"weapon/magic/crystal/universal/foreground/walk.png"," ","bluecarrot16 ","OGA-BY 3.0+,GPL 3.0,CC-BY 4.0 ","https://opengameart.org/content/lpc-more-weapons "
"weapon/magic/crystal/universal/background/walk.png"," ","bluecarrot16 ","OGA-BY 3.0+,GPL 3.0,CC-BY 4.0 ","https://opengameart.org/content/lpc-more-weapons "
"weapon/magic/crystal/universal/foreground/hurt.png"," ","bluecarrot16 ","OGA-BY 3.0+,GPL 3.0,CC-BY 4.0 ","https://opengameart.org/content/lpc-more-weapons "
"weapon/magic/crystal/universal/background/hurt.png"," ","bluecarrot16 ","OGA-BY 3.0+,GPL 3.0,CC-BY 4.0 ","https://opengameart.org/content/lpc-more-weapons "
"weapon/magic/gnarled/universal/foreground/walk.png"," ","bluecarrot16 ","OGA-BY 3.0+,GPL 3.0,CC-BY 4.0 ","https://opengameart.org/content/lpc-more-weapons "
"weapon/magic/gnarled/universal/background/walk.png"," ","bluecarrot16 ","OGA-BY 3.0+,GPL 3.0,CC-BY 4.0 ","https://opengameart.org/content/lpc-more-weapons "
"weapon/magic/gnarled/universal/foreground/hurt.png"," ","bluecarrot16 ","OGA-BY 3.0+,GPL 3.0,CC-BY 4.0 ","https://opengameart.org/content/lpc-more-weapons "
"weapon/magic/gnarled/universal/background/hurt.png"," ","bluecarrot16 ","OGA-BY 3.0+,GPL 3.0,CC-BY 4.0 ","https://opengameart.org/content/lpc-more-weapons "
"weapon/magic/simple/foreground/spellcast.png","original by DrJamgo, hands switched and split into to layers by bluecarrot16 ","bluecarrot16,Dr. Jamgo ","CC0 ","https://opengameart.org/content/lpc-simple-staff "
"weapon/magic/simple/background/spellcast.png","original by DrJamgo, hands switched and split into to layers by bluecarrot16 ","bluecarrot16,Dr. Jamgo ","CC0 ","https://opengameart.org/content/lpc-simple-staff "
"weapon/magic/simple/foreground/walk.png","original by DrJamgo, hands switched and split into to layers by bluecarrot16 ","bluecarrot16,Dr. Jamgo ","CC0 ","https://opengameart.org/content/lpc-simple-staff "
"weapon/magic/simple/background/walk.png","original by DrJamgo, hands switched and split into to layers by bluecarrot16 ","bluecarrot16,Dr. Jamgo ","CC0 ","https://opengameart.org/content/lpc-simple-staff "
"weapon/magic/simple/foreground/hurt.png","original by DrJamgo, hands switched and split into to layers by bluecarrot16 ","bluecarrot16,Dr. Jamgo ","CC0 ","https://opengameart.org/content/lpc-simple-staff "
"weapon/magic/simple/background/hurt.png","original by DrJamgo, hands switched and split into to layers by bluecarrot16 ","bluecarrot16,Dr. Jamgo ","CC0 ","https://opengameart.org/content/lpc-simple-staff "
